,chunk_size,chunk_num,embedding_function,splitter,faithfulness,context_recall,context_precision,answer_relevancy,faithfulness_nan_percent,context_recall_nan_percent,context_precision_nan_percent,answer_relevancy_nan_percent
0,800,4,huggingface,semantic,0.8381835068287211,0.6541580400276054,0.7585513077712273,0.7409989954106345,25.301204819277107,27.259036144578317,25.150602409638555,22.289156626506024
1,800,4,huggingface,related,0.8621863301816861,0.5913248231019316,0.8042168673894577,0.777800829615552,2.710843373493976,0.0,0.0,0.0
2,800,4,huggingface,character,0.8537055552576056,0.6158825779307707,0.825301204736747,0.7841787427160165,3.0120481927710845,0.0,0.0,0.0
3,800,4,huggingface,token,0.8522195883795296,0.7906357573149743,0.822289156544277,0.7066900740935866,2.2590361445783134,0.0,0.0,0.0
